strategy,total_time_clean_s,total_time_caution_s,total_time_clean_min,total_time_caution_min
1-stop_early,2844.8518226600977,2871.070766502462,47.41419704433496,47.8511794417077
1-stop_mid,2839.623877394635,2880.0963143951826,47.32706462324392,48.00160523991971
2-stop,2852.385349753695,2891.6814990695134,47.539755829228255,48.19469165115856
