,mean_time_s,wins,win_prob
1-stop_mid,2858.66902689261,292,0.584
1-stop_early,2865.7460297585103,130,0.26
2-stop,2870.038156159388,78,0.156
