car_number,race,S1_mean_s,S1_mean_rank,S2_mean_s,S2_mean_rank,S3_mean_s,S3_mean_rank
2,R1,49.00685,15.0,52.084799999999994,6.0,36.957100000000004,5.0
2,R2,46.24684210526316,1.0,48.561052631578946,6.0,35.0901,5.0
