car_number,S1_mean_s,S1_mean_rank,S2_mean_s,S2_mean_rank,S3_mean_s,S3_mean_rank
2,27.75462962962963,8.0,43.794666666666664,5.0,29.52937037037037,3.0
