car_number,S1_mean_s,S1_mean_rank,S2_mean_s,S2_mean_rank,S3_mean_s,S3_mean_rank
2,26.891785714285714,4.0,42.596892857142855,4.0,28.844178571428568,5.0
