strategy,mean_time_s,wins,win_prob
1-stop_mid,2859.0022330075526,299,0.598
1-stop_early,2868.25260272359,137,0.274
2-stop,2870.5372889898204,64,0.128
