,mean_time_s,wins,win_prob
1-stop_early,2803.8784932000003,170,0.34
1-stop_mid,2805.7865196000002,292,0.584
2-stop,2836.5448372,38,0.076
