,mean_time_s,wins,win_prob
1-stop_early,2803.1401592,179,0.358
1-stop_mid,2805.0340656000003,297,0.594
2-stop,2835.7106152000006,24,0.048
