track_id,name,circuit_length_m,sector1_m,sector2_m,sector3_m,pit_lane_length_m,pit_lane_time_s,pit_in_from_sf_m,pit_out_from_sfp_m,gps_finish_lat,gps_finish_lon,gps_pit_in_lat,gps_pit_in_lon,gps_pit_out_lat,gps_pit_out_lon
sebring,Sebring International Raceway,6018.9,1824.2,1863.7,2331.0,542.3,39.0,5842.2,365.2,27.4502340,-81.3536980,27.45012,-81.35547,27.45011,-81.35051
sonoma,Sonoma Raceway,4031.38,1385.0,1422.0,1225.0,623.9,45.0,-519.25,95.9,38.1615139,-122.4547166,38.1615139,-122.4547166,38.1615139,-122.4547166
virginia-international-raceway,Virginia International Raceway,5262.6,1652.6,2158.0,1452.0,340.6,25.0,4898.7,-16.0,36.5688167,-79.2066639,36.567581,-79.210428,36.568667,-79.206797
indianapolis,Indianapolis Motor Speedway – Road Course,3925.21,1364.28,1387.86,1173.99,865.43,63.0,3415.31,394.84,39.7931499,-86.2388700,39.7894100,-86.2373000,39.78696,-86.23881
circuit-of-the-americas,Circuit of the Americas,5498.3,1308.8,2240.0,1949.5,509.3,36.0,5284.9,393.8,30.1335278,-97.6422583,30.1343371,-97.6340257,30.1314446,-97.6389209
barber-motorsports-park,Barber Motorsports Park,3674.6688,1029.0048,1580.388,1065.276,477.3676,34.0,3334.9184,135.9408,33.5327,-86.6196,33.5317,-86.6226,33.5311,-86.6225
road-america,Road America,6459.6,2058.6192,2207.9712,2193.0360,646.7856,52.0,616.0008,347.1672,43.7979056,-87.9896333,43.80057,-87.98992,43.7948061,-87.9897494