{"track_id": "barber", "lap_no": 7, "total_laps": 28, "stint_lap": 7, "lap_progress": 0.24741229570900694, "time_into_lap_s": 24.2387351983157, "lap_time_s": 97.969, "car_x_px": 561.7433984038489, "car_y_px": 186.5374591616142, "slider_deg_scale": 0.9398148148148148, "slider_pit_scale": 1.1219135802469136, "slider_risk_mode": 0.2731481481481479, "slider_speed": 2.8716242283950617, "metrics": {"lap_no": 7, "total_laps": 28, "stint_lap": 7, "lap_time_s": 97.969, "delta_best": 49.087999999999994, "delta_vs_rolling5": -0.13400000000000034, "tyre_life": 66.66666666666667, "tyre_light": "GREEN", "tyre_phase": "degradation", "deg_loss_now": 1.9604794745484309, "projected_deg_loss_future": 6.861678160919508, "projected_lap_in_5_stay": 95.56106212370001, "projected_lap_in_5_pit": 49.86123973727422, "net_gain_if_pit_now": -16.13832183908049, "net_gain_if_pit_minus2": -15.484828680897682, "net_gain_if_pit_plus2": -16.7918149972633, "is_pit_lap": false, "in_caution": false, "caution_in_next_3": true, "time_gain_if_pitted_before_caution": 9.23832183908049, "gap_ahead_s": NaN, "gap_behind_s": NaN, "clean_air": true, "fuel_laps_remaining_if_pit_now": 14, "can_one_stop_from_here": false, "consistency_flag": "STABLE", "reliability_flag": "NORMAL", "strategy_drift_laps": -7, "ideal_pit_lap": 14, "pit_lane_loss": 23.0, "recommendation": "Build gap on this stint; keep clean air and protect the tyres for the window."}}